stories_id,publish_date,title,url,language,ap_syndicated,themes,media_id,media_name,media_url
1486700936,1/3/2020 18:13,"
        Wokesplaining' Exposes the 'Social Justice' Tendency to Totalitarianism
        ",https://pjmedia.com/news-and-politics/wokesplaining-exposes-the-social-justice-tendency-to-totalitarianism/,en,FALSE,,19082,PJMedia,http://pjmedia.com
1518418155,09:28.7,Anti-Semites and Their Progressive Enablers,https://patriotpost.us/articles/67633?mailing_id=4776&utm_mediu,en,FALSE,,25626,patriotpost.us,http://patriotpost.us
1519606389,2/12/2020 21:04,AP News in Brief at 9:04 p.m. EST,https://www.kansascity.com/news/nation-world/article240217027.html#storylink=rss,en,TRUE,,30,The Kansas City Star,http://www.kansascity.com/
1523633251,2/17/2020 15:30,I Watched 185 Mike Bloomberg Ads,https://slate.com/news-and-politics/2020/02/michael-bloombergs-ads-ranked.html?via=rss,en,FALSE,,19643,Slate.com,http://www.slate.com
1538389518,55:15.4,Peter Navarro on how US is fighting the spread of coronavirus | Fox News,https://www.foxnews.com/transcript/peter-navarro-on-how-us-is-fighting-the-spread-of-coronavirus,en,FALSE,,1092,FOX News,http://www.foxnews.com/
1543253579,3/9/2020 17:47,"Cuomo’s Fix for Sanitizer Shortage: 100,000 Gallons Made by Prisoners",https://www.nytimes.com/2020/03/09/nyregion/coronavirus-newyork-sanitizer.html,en,FALSE,,1,New York Times,http://nytimes.com
1543284163,3/9/2020 17:55,The Coronavirus Is Spreading and Reportedly There’s No Soap at This Federal Jail in Brooklyn,https://www.motherjones.com/politics/2020/03/the-coronavirus-is-spreading-and-reportedly-theres-no-soap-at-this-federal-jail-in-brooklyn/,en,FALSE,,1112,Mother Jones,http://www.motherjones.com/
1543382707,3/9/2020 16:54,"Spread Of Coronavirus ""A Nightmare Waiting To Happen"" For NY Jails & Prisons",https://gothamist.com/news/spread-coronavirus-nightmare-waiting-happen-ny-jails-prisons,en,FALSE,,5810,Gothamist,http://gothamist.com/
1543745355,3/10/2020 7:26,Coronavirus in N.Y.: Live Updates,https://www.nytimes.com/2020/03/10/nyregion/coronavirus-new-york-update.html,en,FALSE,,1,New York Times,http://nytimes.com
1544014618,3/10/2020 12:05,"New York's solution to hand sanitizer shortage: Prison labor, hourly wages below $1",http://rssfeeds.azcentral.com/~/619646434/0/phoenix/nation~New-Yorks-solution-to-hand-sanitizer-shortage-Prison-labor-hourly-wages-below/,en,FALSE,,25128,AZCentral,http://www.azcentral.com
1544044731,3/10/2020 12:24,"New York's solution to hand sanitizer shortage: Prison labor, hourly wages below $1",http://rssfeeds.usatoday.com/~/619646434/0/usatoday-newstopstories~New-Yorks-solution-to-hand-sanitizer-shortage-Prison-labor-hourly-wages-below/,en,FALSE,,4,USA Today,http://www.usatoday.com
1544145853,3/10/2020 12:10,"Prison Inmates in New York Are Manufacturing Hand Sanitizer, But Can't Use Any",https://jezebel.com/prison-inmates-in-new-york-are-manufacturing-hand-sanit-1842221699,en,FALSE,,6154,Jezebel,http://jezebel.com
1544891441,3/10/2020 12:05,"New York's solution to hand sanitizer shortage: Prison labor, hourly wages below $1",https://news.yahoo.com/yorks-solution-hand-sanitizer-shortage-160516491.html,en,FALSE,,751082,Yahoo News - Latest News & Headlines,https://www.yahoo.com/news/
1544991419,3/11/2020 6:30,"Advocates warn U.S. prison conditions risks coronavirus outbreak: ""Nightmare waiting to happen""",https://www.salon.com/2020/03/11/advocates-warn-us-prison-conditions-risks-coronavirus-outbreak-nightmare-waiting-to-happen_partner/,en,FALSE,,1757,Salon,http://www.salon.com/
1545008207,3/11/2020 8:40,Coronavirus: Could the US do what Italy has done?,https://news.yahoo.com/coronavirus-could-us-italy-done-170143447.html,en,FALSE,,751082,Yahoo News - Latest News & Headlines,https://www.yahoo.com/news/
1545959373,3/12/2020 6:00,"To Arrest the Spread of Coronavirus, Arrest Fewer People",https://www.motherjones.com/crime-justice/2020/03/coronavirus-jails-bail-reform-arrests/,en,FALSE,,1112,Mother Jones,http://www.motherjones.com/
1546371354,3/12/2020 13:00,Where Hand Sanitizer Is Contraband: Are NY Prisons Ready For Coronavirus?,https://gothamist.com/news/where-hand-sanitizer-contraband-are-ny-prisons-ready-coronavirus,en,FALSE,,5810,Gothamist,http://gothamist.com/
1546586045,3/12/2020 17:42,Are Prisons Doing Enough to Prevent Coronavirus Outbreaks?,https://www.rollingstone.com/culture/culture-features/prisons-covid-19-966251/,en,FALSE,,5521,Rolling Stone,http://www.rollingstone.com
1546645458,3/12/2020 18:14,Why I’d Rather Be in Italy for the Coronavirus Pandemic,https://theintercept.com/2020/03/12/italy-coronavirus-united-states-preparedness/,en,FALSE,,269138,The Intercept,https://theintercept.com/
1547822500,3/13/2020 21:30,"Nearly 500,000 People Who Have Not Been Convicted Are In Jail At High Coronavirus Risk",https://www.huffpost.com/entry/pretrial-detention-coronavirus-money-bail_n_5e6c24a6c5b6bd8156f7647a,en,FALSE,,96720,HuffPost Latino Voices,http://voces.huffingtonpost.com/#spider
1547837245,3/13/2020 21:30,"Nearly 500,000 People Who Have Not Been Convicted Are In Jail At High Coronavirus Risk",https://www.huffpost.com/entry/pretrial-detention-coronavirus-money-bail_n_5e6c24a6c5b6bd8156f7647a,en,FALSE,,623375,Huffington Post - United States,http://www.huffingtonpost.com/?country=US
1550070650,3/16/2020 16:44,"‘It Will Have Effects for Months and Years.’ From Jury Duty to Trials, Coronavirus is Wreaking Havoc on Courts",http://feedproxy.google.com/~r/time/topstories/~3/84AIAedk5GI/,en,FALSE,,4419,Time,http://time.com
1550161966,3/16/2020 18:15,Coronavirus upends justice system as states close courts and halt trials,https://www.nbcnews.com/news/us-news/coronavirus-upends-justice-system-states-close-courts-halt-trials-n1160961?cid=public-rss_20200316,en,FALSE,,34663,NBC Breaking News,http://www.breakingnews.com#spider
1550901928,3/17/2020 11:58,'More challenging than 9/11': Pandemic tests American criminal justice,http://rss.cnn.com/~r/rss/cnn_latest/~3/5ATm19Gno6Y/index.html,en,FALSE,,20088,CNN U.S. Edition,http://us.cnn.com
1552194492,3/18/2020 15:19,Correction Officer On Rikers Island Tests Positive For Coronavirus As Calls To Release Inmates Intensify,https://gothamist.com/news/correction-officer-rikers-island-tests-positive-coronavirus-calls-release-inmates-intensify,en,FALSE,,5810,Gothamist,http://gothamist.com/
1552290901,3/18/2020 14:36,We must stop filling prisons while coronavirus rages or we'll extend the pandemic,https://www.nbcnews.com/think/opinion/while-coronavirus-pandemic-lasts-we-must-stop-filling-prisons-or-ncna1162176?cid=public-rss_20200318,en,FALSE,,34663,NBC Breaking News,http://www.breakingnews.com#spider
1552416875,3/18/2020 20:44,New coronavirus cases in US jails heighten concerns about an unprepared system,http://rss.cnn.com/~r/rss/cnn_latest/~3/Pmgz90a8YNI/index.html,en,FALSE,,20088,CNN U.S. Edition,http://us.cnn.com
1553037464,3/19/2020 10:30,"Guard and Inmate at Rikers Island Test Positive for Coronavirus, Meek Mill Unveils Plan to Stop Spread",https://eurweb.com/2020/03/19/guard-and-inmate-at-rikers-island-test-positive-for-coronavirus-meek-mill-unveils-plan-to-stop-spread/,en,FALSE,,25336,eurweb.com,http://www.eurweb.com
1553131599,3/19/2020 12:05,"Opponents Of Rolling Back Bail Reforms Point To ""Bubbling Pot"" Of Coronavirus Risk In Jails",https://gothamist.com/news/opponents-rolling-back-bail-reforms-point-bubbling-pot-coronavirus-risk-jails,en,FALSE,,5810,Gothamist,http://gothamist.com/
1553150793,3/19/2020 12:48,'Complete chaos': How the coronavirus pandemic is upending the criminal justice system,http://rssfeeds.usatoday.com/~/620054296/0/usatodaycomwashington-topstories~Complete-chaos-How-the-coronavirus-pandemic-is-upending-the-criminal-justice-system/,en,FALSE,,4,USA Today,http://www.usatoday.com
1553157837,3/19/2020 12:48,'Complete chaos': How the coronavirus pandemic is upending the criminal justice system,http://rssfeeds.azcentral.com/~/620054296/0/phoenix/nation~Complete-chaos-How-the-coronavirus-pandemic-is-upending-the-criminal-justice-system/,en,FALSE,,25128,AZCentral,http://www.azcentral.com
1553203816,3/19/2020 13:34,Coronavirus should drive state lawmakers to pass parole act: Lippman Commission,http://www.nydailynews.com/coronavirus/ny-coronavirus-parole-act-lippman-20200319-5atzwb5vqncmfcjsgahpjw2xza-story.html,en,FALSE,,8,Daily News,http://www.nydailynews.com/
1553508426,3/19/2020 20:08,Advocates Want Older Inmates Released Before Coronavirus Hits Prisons,http://feedproxy.google.com/~r/newsy-allvideos/~3/miv1Ia15qEI/,en,FALSE,,85364,newsy.com,http://www.newsy.com/#spider
1554294219,3/20/2020 14:28,The criminal justice system is not prepared for anything like this pandemic,https://feeds.feedblitz.com/~/620102864/0/alternet_all~The-criminal-justice-system-is-not-prepared-for-anything-like-this-pandemic/,en,FALSE,,56758,Alternet,https://www.alternet.org/
1554368503,3/20/2020 16:11,Coronavirus risk looms large for America’s elderly and sick prison population,https://qz.com/1821911/coronavirus-risk-looms-large-for-us-elderly-and-sick-prisoners/,en,FALSE,,67264,Quartz,http://qz.com/#spider
1554379012,3/20/2020 15:32,How are jails dealing with coronavirus?,https://www.newsday.com/opinion/columnists/lane-filler/nassau-suffolk-county-jails-coronavirus-covid-19-inmate-population-1.43344072,en,FALSE,,13,Newsday,http://www.newsday.com/
1554683718,3/21/2020 3:04,Three inmates test positive in Georgia as concerns grow over prison system,http://rss.cnn.com/~r/rss/cnn_topstories/~3/ltNItdR-eo8/index.html,en,FALSE,,20088,CNN U.S. Edition,http://us.cnn.com
1554828571,3/21/2020 5:41,Inside Law Enforcement’s Coronavirus Slowdown,https://www.thedailybeast.com/coronavirus-is-slowing-down-the-criminal-justice-system-will-criminals-cash-in?source=articles&via=rss,en,FALSE,,1707,The Daily Beast,http://www.thedailybeast.com/
1555002137,3/21/2020 10:17,We need to make sure prisoners are safe during the coronavirus pandemic — not compel them to make hand sanitizer for pitiful wages,http://feedproxy.google.com/~r/businessinsider/~3/8zFRdBsX9ic/coronavirus-pandemic-prisoners-jails-new-york-hand-sanitizer-2020-3,en,FALSE,,18710,Business Insider,http://www.businessinsider.com
1555058623,3/21/2020 5:41,Inside Law Enforcement’s Coronavirus Slowdown,https://news.yahoo.com/inside-law-enforcement-coronavirus-slowdown-094114516.html,en,FALSE,,751082,Yahoo News - Latest News & Headlines,https://www.yahoo.com/news/
1555103951,3/21/2020 15:00,Don’t Put More People in New York’s Jails During a Pandemic,https://www.nytimes.com/2020/03/21/opinion/nyc-jails-bail-coronavirus.html,en,FALSE,,1,New York Times,http://nytimes.com
1555145847,3/21/2020 12:01,NYC Mayor to start emptying jails over virus spread,https://hotair.com/archives/jazz-shaw/2020/03/21/nyc-mayor-start-emptying-jails-virus-spread/,en,FALSE,,117,Hot Air  ,http://hotair.com
1555265544,3/21/2020 21:39,"38 positive for coronavirus in NYC jails, including Rikers",https://www.sfgate.com/news/us/article/38-positive-for-coronavirus-in-NYC-jails-15148591.php,en,TRUE,,14,sfchronicle,http://www.sfgate.com/
1555268053,3/21/2020 21:45,"38 positive for coronavirus in NYC jails, including Rikers",http://www.startribune.com/38-positive-for-coronavirus-in-nyc-jails-including-rikers/569001812/,en,FALSE,,19,Star Tribune ,http://www.startribune.com/
1555272679,3/21/2020 21:39,"38 positive for coronavirus in NYC jails, including Rikers",https://www.seattletimes.com/nation-world/nation/38-positive-for-coronavirus-in-nyc-jails-including-rikers/?utm_source=RSS&utm_medium=Referral&utm_campaign=RSS_all,en,TRUE,,24940,Seattle Times,http://seattletimes.com
1555292970,3/21/2020 23:16,"17 Employees, 21 Inmates Test Positive For Coronavirus In NYC Jails",https://www.huffpost.com/entry/38-positive-coronavirus-nyc-jails-rikers_n_5e76d6a6c5b6eab77949a435,en,TRUE,,623375,Huffington Post - United States,http://www.huffingtonpost.com/?country=US
1555359595,3/21/2020 23:16,"38 positive for coronavirus in NYC jails, including Rikers",https://www.dispatch.com/ZZ/news/20200321/38-positive-for-coronavirus-in-nyc-jails-including-rikers?rssfeed=true,en,TRUE,,41,The Columbus Dispatch,http://www.dispatch.com/
1555436529,3/22/2020 4:20,Names and faces,http://www.arkansasonline.com/news/2020/mar/22/names-and-faces-20200322/,en,FALSE,,56,Arkansas Democrat-Gazette ,http://www2.arkansasonline.com/
1555533681,3/22/2020 7:07,"38 positive for coronavirus in NYC jails, including Rikers",https://www.newsday.com/news/health/coronavirus/jail-rikers-coronavirus-outbreak-1.43375999,en,FALSE,,13,Newsday,http://www.newsday.com/
1555587350,3/22/2020 9:04,"Coronavirus: 38 test positive in New York City jails, including Rikers Island",https://www.theguardian.com/us-news/2020/mar/22/coronavirus-outbreak-new-york-city-jails-rikers-island,en,FALSE,,1751,Guardian US,https://www.theguardian.com/us
1555591347,3/22/2020 8:09,"38 positive for coronavirus in NYC jails, including Rikers",https://www.boston.com/news/politics/2020/03/22/38-positive-for-coronavirus-in-nyc-jails-including-rikers,en,FALSE,,15,The Boston Globe,https://www.bostonglobe.com/
1555594469,3/22/2020 9:51,Upstate New York jail turns into emergency center for 100 homeless people,https://www.dailymail.co.uk/news/article-8139831/Upstate-New-York-jail-turns-emergency-center-100-homeless-people.html?ns_mchannel=rss&ns_campaign=1490&ito=1490,en,FALSE,,1145,drudgereport,http://drudgereport.com/
1555602905,3/22/2020 9:30,First federal inmate tests positive for coronavirus; quarantined in Brooklyn detention center,http://rssfeeds.azcentral.com/~/620174742/0/phoenix/nation~First-federal-inmate-tests-positive-for-coronavirus-quarantined-in-Brooklyn-detention-center/,en,FALSE,,25128,AZCentral,http://www.azcentral.com
1555683060,3/22/2020 9:30,First federal inmate tests positive for coronavirus; quarantined in Brooklyn detention center,http://rssfeeds.usatoday.com/~/620174742/0/usatodaycomwashington-topstories~First-federal-inmate-tests-positive-for-coronavirus-quarantined-in-Brooklyn-detention-center/,en,FALSE,,4,USA Today,http://www.usatoday.com
1555814891,3/22/2020 9:30,First federal inmate tests positive for coronavirus; quarantined in Brooklyn detention center,https://news.yahoo.com/first-federal-inmate-tests-positive-133022981.html,en,FALSE,,751082,Yahoo News - Latest News & Headlines,https://www.yahoo.com/news/
1555894748,3/22/2020 19:31,The COVID-19 Prison Crisis Is About To Become A Community Crisis,https://www.forbes.com/sites/walterpavlo/2020/03/22/the-covid-19-prison-crisis-is-about-to-become-a-community-crisis/,en,FALSE,,1104,Forbes,http://www.forbes.com/
1555907544,3/21/2020 21:39,"38 positive for coronavirus at Rikers, NYC jails",https://news.yahoo.com/38-positive-coronavirus-nyc-jails-013951661.html,en,FALSE,,751082,Yahoo News - Latest News & Headlines,https://www.yahoo.com/news/
1555929012,3/22/2020 21:23,"COVID-19, Criminal Enforcement, and the Imperiled Fate of the Statute of Limitations",https://www.forbes.com/sites/insider/2020/03/22/covid-19-criminal-enforcement-and-the-imperiled-fate-of-the-statute-of-limitations/,en,FALSE,,1104,Forbes,http://www.forbes.com/
1556398433,3/23/2020 9:22,"New York City Coronavirus Update: Cases Surpass 10,000 in U.S. Epicenter, Governor Says Density Level is 'Destructive'",https://www.newsweek.com/new-york-city-coronavirus-update-cases-10k-cuomo-density-destructive-1493745?utm_source=Public&utm_medium=Feed&utm_campaign=Distribution,en,FALSE,,56510,Newsweek,http://newsweek.com/
1556399166,3/23/2020 9:22,"New York City Coronavirus Update: Cases Surpass 10,000 in U.S. Epicenter, Governor Says Density Level is 'Destructive'",https://www.newsweek.com/new-york-city-coronavirus-update-cases-10k-cuomo-density-destructive-1493745?utm_source=Public&utm_medium=Feed&utm_campaign=Distribution,en,FALSE,,1098,Newsweek ,http://www.newsweek.com/
1556421312,3/23/2020 9:00,"If Coronavirus Deaths Start Piling Up in Rikers Island Jails, We’ll Know Who To Blame",https://theintercept.com/2020/03/23/coronavirus-rikers-jail-de-blasio-cuomo/,en,FALSE,,269138,The Intercept,https://theintercept.com/
1556496955,3/23/2020 11:00,"NYC Correctional Facilities Struggle With Crowded Jails and Lack of Resources, Urge the City to Release More Inmates",https://www.theroot.com/nyc-correctional-facilities-struggle-with-crowded-jails-1842453394,en,FALSE,,368082,theroot.com,http://theroot.com/
1556541981,3/23/2020 11:30,The Prison Coronavirus Disaster Everybody Warned About Is Unfolding in New York City,https://reason.com/2020/03/23/the-prison-coronavirus-disaster-everybody-warned-about-is-unfolding-in-new-york-city/,en,FALSE,,72523,Reason.com,http://reason.com/
1556608985,3/23/2020 9:48,Coronavirus Updates: Cuomo Orders All State Hospitals To Expand Capacity By 50 percent,https://gothamist.com/news/coronavirus-updates-nyc-hospitals-ventilators-covid-19-de-blasio,en,FALSE,,5810,Gothamist,http://gothamist.com/
1556665458,3/23/2020 13:06,U.S. prison union official warns of coronavirus spread by inmate transfers from outbreak hotspots,http://feeds.reuters.com/~r/reuters/healthNews/~3/GJQPtS11DY8/u-s-prison-union-official-warns-of-coronavirus-spread-by-inmate-transfers-from-outbreak-hotspots-idUSKBN21A2YQ,en,FALSE,,1089,Reuters ,http://www.reuters.com/
1556752174,3/23/2020 13:06,U.S. prison union official warns of coronavirus spread by inmate transfers from outbreak hotspots,http://feeds.reuters.com/~r/Reuters/domesticNews/~3/Mhjm8XSb5TI/u-s-prison-union-official-warns-of-coronavirus-spread-by-inmate-transfers-from-outbreak-hotspots-idUSKBN21A2YQ,en,FALSE,,4442,Reuters,http://www.reuters.com
1556877055,3/23/2020 17:25,U.S. prison union official urges halt to inmate transfers due to coronavirus spread,http://feeds.reuters.com/~r/Reuters/domesticNews/~3/XR2BYFv6eDk/u-s-prison-union-official-urges-halt-to-inmate-transfers-due-to-coronavirus-spread-idUSKBN21A2YQ,en,FALSE,,4442,Reuters,http://www.reuters.com
1557593561,3/24/2020 10:38,The Pandemic Economy in American Prisons,https://newrepublic.com/article/157020/pandemic-economy-american-prisons,en,FALSE,,401,The New Replublic,http://www.tnr.com/
1557816508,3/24/2020 15:22,Feds to quarantine all new inmates for 14 days to try to guard against COVID-19 in its 122 prisons,http://rssfeeds.azcentral.com/~/620279470/0/phoenix/nation~Feds-to-quarantine-all-new-inmates-for-days-to-try-to-guard-against-COVID-in-its-prisons/,en,FALSE,,25128,AZCentral,http://www.azcentral.com
1558194019,3/24/2020 18:47,Feds to quarantine all new inmates for 14 days to try to guard against COVID-19 in prisons,http://rssfeeds.usatoday.com/~/620279470/0/usatodaycomwashington-topstories~Feds-to-quarantine-all-new-inmates-for-days-to-try-to-guard-against-COVID-in-prisons/,en,FALSE,,4,USA Today,http://www.usatoday.com
1558818808,3/25/2020 13:06,Cory Booker Just Demanded the Release of Vulnerable Federal Inmates,https://www.motherjones.com/coronavirus-updates/2020/03/cory-booker-just-demanded-the-release-of-vulnerable-federal-inmates/,en,FALSE,,1112,Mother Jones,http://www.motherjones.com/
1558889559,3/25/2020 14:38,Rikers Island Has 52 Confirmed COVID-19 Cases,https://slate.com/news-and-politics/2020/03/coronavirus-is-spreading-on-rikers-island.html?via=rss,en,FALSE,,19643,Slate.com,http://www.slate.com
1559160823,3/25/2020 16:20,Coronavirus Won’t Stop New York From Trying to Legalize Marijuana,https://observer.com/2020/03/new-york-state-budget-marijuana-legalization-despite-coronavirus-cuomo/,en,FALSE,,21091,observer.com,http://www.observer.com
1559315953,3/25/2020 20:01,COVID-19 Cure â€“ Empty the Prisons?,https://townhall.com/columnists/derrickwilburn/2020/03/26/covid19-cure--empty-the-prisons-n2565737,en,FALSE,,19763,townhall.com,http://townhall.com
1559629487,3/26/2020 9:40,No Soap. Broken Sinks. We Will All Pay for Coronavirus Ravaging Prisons | Opinion,https://www.newsweek.com/no-soap-broken-sinks-we-will-all-pay-coronavirus-ravaging-prisons-opinion-1494436?utm_source=Public&utm_medium=Feed&utm_campaign=Distribution,en,FALSE,,56510,Newsweek,http://newsweek.com/
1559640883,3/26/2020 9:40,No Soap. Broken Sinks. We Will All Pay for Coronavirus Ravaging Prisons | Opinion,https://www.newsweek.com/no-soap-broken-sinks-we-will-all-pay-coronavirus-ravaging-prisons-opinion-1494436?utm_source=Public&utm_medium=Feed&utm_campaign=Distribution,en,FALSE,,1098,Newsweek ,http://www.newsweek.com/
1560192704,3/26/2020 20:31,Trump administration to federal prisons: Increase home confinement for inmates to slow coronavirus spread,http://rss.cnn.com/~r/rss/cnn_latest/~3/MFapMYjQh2k/index.html,en,FALSE,,20088,CNN U.S. Edition,http://us.cnn.com
1560610605,3/27/2020 8:00,I Was Arrested and Arraigned. It Was Coronavirus That Scared Me,https://www.vice.com/en_us/article/7kzazz/i-was-arrested-and-arraigned-it-was-coronavirus-that-scared-me,en,FALSE,,300613,VICE,http://www.vice.com/en_us
1560836783,3/27/2020 12:09,What to Know About New York Gov. Andrew Cuomo as He Is Thrust Into Coronavirus Spotlight and Tussles with Trump,https://people.com/politics/what-to-know-new-york-governor-andrew-cuomo-coronavirus/,en,FALSE,,300472,PEOPLE.com,http://www.people.com/people/
1560963488,40:54.6,Tolman and Harris: Coronavirus crisis requires this action be taken for elderly prison inmates | Fox News,https://www.foxnews.com/opinion/tolman-and-harris-coronavirus-crisis-requires-this-action-for-elderly-prison-inmates.amp?cmpid=prn_newsstand,en,FALSE,,1092,FOX News,http://www.foxnews.com/
1561152811,3/27/2020 19:08,Rikers Island Detainees Say They Fear Dying From Coronavirus,https://www.buzzfeednews.com/article/rosalindadams/rikers-island-detainees-say-they-fear-dying-from-coronavirus,en,FALSE,,6218,Buzzfeed,http://www.buzzfeed.com
1561156558,3/27/2020 19:08,Rikers Island Detainees Say They Fear Dying From Coronavirus,https://www.buzzfeednews.com/article/rosalindadams/rikers-island-detainees-say-they-fear-dying-from-coronavirus,en,FALSE,,815151,buzzfeednews.com,http://buzzfeednews.com/
1561162252,3/27/2020 19:20,Let's keep youth justice from making the coronavirus worse,http://rssfeeds.azcentral.com/~/620441894/0/phoenix/nation~Lets-keep-youth-justice-from-making-the-coronavirus-worse/,en,FALSE,,25128,AZCentral,http://www.azcentral.com
1561220003,3/26/2020 12:16,U.S. attorney general seeks to expand home confinement option as coronavirus spreads in prisons,https://news.yahoo.com/attorney-general-seeks-expand-home-161648031.html,en,FALSE,,751082,Yahoo News - Latest News & Headlines,https://www.yahoo.com/news/
1561329706,3/27/2020 19:33,Let's keep youth justice from making the coronavirus worse,http://rssfeeds.usatoday.com/~/620441894/0/news-opinion~Lets-keep-youth-justice-from-making-the-coronavirus-worse/,en,FALSE,,4,USA Today,http://www.usatoday.com
1561479992,3/28/2020 7:00,The Coronavirus Pandemic Makes the Case for Criminal Justice Reform,https://theintercept.com/2020/03/28/coronavirus-criminal-justice-reform-jails/,en,FALSE,,269138,The Intercept,https://theintercept.com/
1561626035,3/28/2020 10:55,Federal prosecutors oppose Micheal Avenatti’s bail bid citing coronavirus threat,https://www.ocregister.com/2020/03/28/federal-prosecutors-oppose-micheal-avenattis-bail-bid-citing-coronavirus-threat/,en,FALSE,,25,The Orange County Register,http://www.ocregister.com/
1561706122,3/28/2020 12:41,Coronavirus behind bars: Prisoners being freed to slow spread in 'virus vectors',https://www.nbcnews.com/politics/politics-news/coronavirus-behind-bars-prisoners-being-freed-slow-spread-virus-vectors-n1169881?cid=public-rss_20200328,en,FALSE,,34663,NBC Breaking News,http://www.breakingnews.com#spider
1561782364,3/28/2020 10:55,Federal prosecutors oppose Michael Avenatti’s bail bid citing coronavirus threat,https://www.dailynews.com/2020/03/28/federal-prosecutors-oppose-micheal-avenattis-bail-bid-citing-coronavirus-threat/,en,FALSE,,24901,bleacherreport.com,http://bleacherreport.com
1562338549,33:10.6,Sen. Josh Hawley says China should be made to foot the bill for global suffering from coronavirus pandemic | Fox News,https://www.foxnews.com/transcript/sen-josh-hawley-says-china-should-be-made-to-foot-the-bill-for-global-suffering-from-coronavirus-pandemic,en,FALSE,,1092,FOX News,http://www.foxnews.com/
1563163210,3/30/2020 10:12,US jails will become death traps in the coronavirus pandemic | Jean Casella and Katie Rose Quandt,https://www.theguardian.com/commentisfree/2020/mar/30/jails-coronavirus-us-rikers-island,en,FALSE,,1751,Guardian US,https://www.theguardian.com/us
1563417564,3/30/2020 15:01,‘We’re Left for Dead’: Fears of Virus Catastrophe at Rikers Jail,https://www.nytimes.com/2020/03/30/nyregion/coronavirus-rikers-nyc-jail.html,en,FALSE,,1,New York Times,http://nytimes.com
1563486441,3/27/2020 18:51,Sheriff Howard says he won't oppose release of some inmates,https://buffalonews.com/2020/03/27/sheriff-howard-says-he-wont-oppose-release-of-some-inmates/,en,FALSE,,57,The Buffalo News ,http://www.buffalonews.com/
1563731530,3/30/2020 18:30,'I fear for my life': Prisoners in New York City jails sound alarm as coronavirus spreads,https://www.nbcnews.com/news/us-news/prisoners-new-york-city-jails-sound-alarm-coronavirus-spreads-i-n1172306?cid=public-rss_20200331,en,FALSE,,34663,NBC Breaking News,http://www.breakingnews.com#spider
1563862921,36:34.4,How coronavirus is crippling courts and raising concerns among civil liberties advocates - ABC News,https://abcnews.go.com/US/coronavirus-crippling-courts-raising-concerns-civil-liberties-advocates/story?id=69757862&amp;cid=social_twitter_abcnp,en,FALSE,,39000,ABC News,http://abcnews.go.com/
1564276454,3/31/2020 10:03,The Wealthy And Influential Appear To Be Getting Passes Out Of Prison,https://www.forbes.com/sites/walterpavlo/2020/03/31/the-wealthy-and-influential-appear-to-be-getting-passes-out-of-prison/,en,FALSE,,1104,Forbes,http://www.forbes.com/
1564311272,3/18/2020 0:00,Policing amid coronavirus pandemic: How these big cities are responding | Fox Business,https://www.foxbusiness.com/lifestyle/policing-amid-coronavirus-pandemic-big-cities,en,FALSE,,1092,FOX News,http://www.foxnews.com/
1564367758,3/23/2020 15:23,"Criminal justice advocates demand coronavirus plan as disease spreads among inmates, officers",https://www.politico.com/states/new-york/albany/story/2020/03/23/criminal-justice-advocates-demand-coronavirus-plan-as-disease-spreads-among-inmates-officers-1268736,en,FALSE,,18268,Politico,https://www.politico.com/
1564414282,3/31/2020 12:27,"Rikers Island Chief Physician Warns Coronavirus Cases 'Growing Quickly' in NYC Jails, Says 20 Percent Will Need Hospitalization",https://www.newsweek.com/rikers-island-covid-19-outbreak-new-york-1495318?utm_source=Public&utm_medium=Feed&utm_campaign=Distribution,en,FALSE,,1098,Newsweek ,http://www.newsweek.com/
1564433262,3/31/2020 12:27,"Rikers Island Chief Physician Warns Coronavirus Cases 'Growing Quickly' in NYC Jails, Says 20 Percent Will Need Hospitalization",https://www.newsweek.com/rikers-island-covid-19-outbreak-new-york-1495318?utm_source=Public&utm_medium=Feed&utm_campaign=Distribution,en,FALSE,,56510,Newsweek,http://newsweek.com/
1564670229,11:49.9,Dr. Siegel: Trump projected calm leadership addressing outbreak | Fox News,https://www.foxnews.com/transcript/dr-siegel-trump-projected-calm-leadership-addressing-outbreak,en,FALSE,,1092,FOX News,http://www.foxnews.com/
1565045010,4/1/2020 2:28,Rikers Island is offering inmate $6 an hour and face masks to dig mask graves,https://www.dailymail.co.uk/news/article-8174829/Rikers-Island-offering-inmate-6-hour-face-masks-dig-mask-graves.html?ns_mchannel=rss&ns_campaign=1490&ito=1490,en,FALSE,,1145,drudgereport,http://drudgereport.com/
1565340133,4/1/2020 7:45,"Lorena Borjas, a transgender Latina activist who fought for immigrants and sex workers, has died of Covid-19",http://rss.cnn.com/~r/rss/cnn_latest/~3/D53XqtfFSeo/index.html,en,FALSE,,20088,CNN U.S. Edition,http://us.cnn.com
1565541877,4/1/2020 9:45,Multifaceted Response to COVID-19 Reflects Trump’s Dramatic Health Policy Reforms,https://www.dailysignal.com/2020/04/01/multifaceted-response-to-covid-19-reflects-trumps-dramatic-health-policy-reforms/?utm_source=rss&utm_medium=rss&utm_campaign=multifaceted-response-to-covid-19-reflects-trumps-dramatic-health-policy-reforms,en,FALSE,,105100,Daily Signal,http://dailysignal.com/#spider
1565646902,4/1/2020 12:30,"A Death Sentence: As Jails Struggle to Stem Coronavirus Outbreaks, Delays Could Spell Disaster",https://www.theroot.com/a-death-sentence-as-jails-struggle-to-stem-coronavirus-1842614311,en,FALSE,,368082,theroot.com,http://theroot.com/
1565781295,4/1/2020 13:32,"""Nobody Is Safe Here"": Inmates Live In Fear As Coronavirus Spreads Through NY Jails",https://gothamist.com/news/nobody-safe-here-inmates-live-fear-coronavirus-spreads-through-ny-jails,en,FALSE,,5810,Gothamist,http://gothamist.com/
1565794923,4/1/2020 15:10,"Federal prisons are fighting coronavirus with home release and a quarantine, but that may not be enough",https://www.vox.com/policy-and-politics/2020/4/1/21202808/coronavirus-federal-prisons-doj-barr-14-day-quarantine,en,FALSE,,103906,Re/code,http://recode.net
1565876892,4/1/2020 15:55,"New York May Re-Reform Its Bail System, and Criminal Justice Activists Aren't Happy",https://reason.com/2020/04/01/new-york-may-re-reform-its-bail-system-and-criminal-justice-activists-arent-happy/,en,FALSE,,72523,Reason.com,http://reason.com/
1565880531,4/1/2020 17:08,Cuomo’s Bail Reform Reversal Risks Explosive Coronavirus Spread in Jails,https://slate.com/news-and-politics/2020/04/cuomo-bail-reform.html?via=rss,en,FALSE,,19643,Slate.com,http://www.slate.com
1565985867,4/1/2020 19:25,Cuomo warns of school aid cuts in budget deal amid outbreak,https://www.sfgate.com/news/education/article/Cuomo-warns-of-school-aid-cuts-in-budget-deal-15172883.php,en,TRUE,,14,sfchronicle,http://www.sfgate.com/
1566716740,4/2/2020 11:16,"Coronavirus hits prisons: Ex-GOP Rep. Chris Collins' surrender date delayed two months as inmates, guards infected",https://www.cnbc.com/2020/04/02/coronavirus-in-jail-chris-collins-gets-prison-surrender-date-delayed.html,en,FALSE,,1755,CNBC,http://www.cnbc.com/
1566757247,4/2/2020 11:06,Andrew Cuomo Is Trash,https://www.theroot.com/andrew-cuomo-is-trash-1842641091,en,FALSE,,368082,theroot.com,http://theroot.com/
1566974469,3/15/2020 0:00,New York City Urged to Release Inmates After Outbreak at Rikers,https://time.com/5807909/new-york-city-coronavirus-jails/,en,FALSE,,4419,Time,http://time.com
1566975744,4/2/2020 15:55,"Cuomo Calls New State Budget ""Robust,"" Progressives Call It ""Republican Austerity Warfare""",https://gothamist.com/news/cuomo-state-budget-robust-progressives-call-it-republican-austerity-warfare,en,FALSE,,5810,Gothamist,http://gothamist.com/
1567011795,4/2/2020 16:31,Rapper Tekashi69 Freed From Prison Over Coronavirus Risk,https://www.nytimes.com/2020/04/02/arts/music/tekashi69-free-prison-coronavirus.html,en,FALSE,,1,New York Times,http://nytimes.com
1567222738,4/2/2020 21:17,Cuomo’s Push to Send More People to New York Jails Will Likely Worsen the Pandemic,https://www.motherjones.com/crime-justice/2020/04/cuomo-new-york-jails-coronavirus/,en,FALSE,,1112,Mother Jones,http://www.motherjones.com/
1567279544,3/26/2020 16:53,U.S. Attorney General Seeks to Expand Home Confinement Option as Coronavirus Spreads in Prisons - The New York Times,https://www.nytimes.com/reuters/2020/03/26/us/26reuters-health-coronavirus-prisons.html,en,FALSE,,1,New York Times,http://nytimes.com
1567399839,4/2/2020 20:40,DOJ's coronavirus response could lead to lasting reforms — or scary power grabs,https://www.nbcnews.com/think/opinion/congress-doj-s-coronavirus-strategy-must-link-health-justice-ncna1175186?cid=public-rss_20200403,en,FALSE,,34663,NBC Breaking News,http://www.breakingnews.com#spider
1567802741,4/3/2020 8:50,"Celebrity-backed criminal justice reform group donates 100,000 masks to prisons in wake of coronavirus",https://www.cnbc.com/2020/04/03/criminal-justice-group-donates-masks-to-prisons-amidst-coronavirus.html,en,FALSE,,1755,CNBC,http://www.cnbc.com/
1568228296,4/3/2020 15:06,Andrew Cuomo Held New York’s Health Care Hostage to Undo Criminal Justice Reforms,https://theintercept.com/2020/04/03/andrew-cuomo-coronavirus-bail-criminal-justice/,en,FALSE,,269138,The Intercept,https://theintercept.com/
1568757001,4/4/2020 9:05,'I'm scared to leave': Freed inmates face new challenges in the age of coronavirus,http://rss.cnn.com/~r/rss/cnn_latest/~3/hQKjWPNv05w/index.html,en,FALSE,,20088,CNN U.S. Edition,http://us.cnn.com
1569006992,4/4/2020 16:39,"Jay-Z And Meek Mill’s Reform Alliance Plan To Donate 100,000 Surgical Masks To Jails And Prisons",https://uproxx.com/movies/jay-z-meek-mill-reform-alliance-donate-100000-masks-prisons/,en,FALSE,,68816,uproxx.com,http://www.uproxx.com/#spider
1569279204,4/5/2020 5:00,Jared Kushner and his shadow corona unit: what  is Trump's son-in-law up to?,https://www.theguardian.com/world/2020/apr/05/jared-kushner-coronavirus-aid-trump-governors,en,FALSE,,623382,Guardian - United States,http://www.theguardian.com/us
1569795134,4/5/2020 9:00,COVID-19 Is Turning Prisons Into “Kill-Boxes”,https://truthout.org/articles/covid-19-is-turning-prisons-into-kill-boxes-activists-say/,en,FALSE,,22332,Truthout,http://www.truth-out.org
1569853671,4/6/2020 0:57,"Jay-Z, Meek Mill Donate 100,000 Masks To Prisons Amid COVID-19 Pandemic",https://www.ibtimes.com/jay-z-meek-mill-donate-100000-masks-prisons-amid-covid-19-pandemic-2953189?utm_source=Public&utm_medium=Feed&utm_campaign=Distribution,en,FALSE,,41550,IBTimes,http://www.ibtimes.com/
1570198695,4/6/2020 6:01,Bailing Out,https://newrepublic.com/article/156823/limits-money-bail-fund-criminal-justice-reform,en,FALSE,,401,The New Replublic,http://www.tnr.com/
1570214053,4/6/2020 6:00,We Put Too Many People Behind Bars. This Pandemic Shows Why That’s Not Necessary.,https://www.motherjones.com/coronavirus-updates/2020/04/we-put-too-many-people-behind-bars-this-pandemic-shows-why-thats-not-necessary/,en,FALSE,,1112,Mother Jones,http://www.motherjones.com/
1570214727,4/6/2020 2:56,The Latest: Trump adviser promotes use of drug for virus,https://news.yahoo.com/latest-south-korea-health-minister-065615616.html,en,FALSE,,751082,Yahoo News - Latest News & Headlines,https://www.yahoo.com/news/
1570217179,4/6/2020 2:56,The Latest: Trump adviser promotes use of drug for virus,https://www.ajc.com/news/the-latest-south-korea-health-minister-urges-vigilance/chrU1Ml9qmSj1RG0qkyTzO/,en,FALSE,,17,The Atlanta Journal Constitution,http://www.ajc.com/
1570253626,4/6/2020 10:22,"Jay-Z and Meek Mill’s REFORM Alliance Donates 130,000 Surgical Masks to Correctional Facilities",https://www.billboard.com/articles/columns/hip-hop/9351870/reform-alliance-donates-surgical-masks-prisons/,en,FALSE,,19194,Billboard,http://www.billboard.com
1570367316,4/6/2020 12:03,HBO and AMC Are Offering Free Streams for Folks Stuck Inside,https://www.wired.com/story/hbo-amc-free-coronavirus-streaming,en,FALSE,,39849,wired,http://www.wired.com/
1570677438,4/6/2020 18:12,New York’s Rikers Island Jail Sees First Inmate Death From COVID-19,http://feedproxy.google.com/~r/time/topstories/~3/bk96sGF7Z-8/,en,FALSE,,4419,Time,http://time.com
1570761451,4/6/2020 20:00,"Jay-Z and Meek Mill's Reform Alliance to Send 100,000 Masks to Prisons",https://www.theroot.com/jay-z-and-meek-mills-reform-alliance-to-send-100-000-ma-1842712522,en,FALSE,,368082,theroot.com,http://theroot.com/
1570807801,4/6/2020 20:42,‘Cuomosexuals’ criticized for obsession with New York’s governor in light of his track record,https://www.dailydot.com/debug/cuomosexual-andrew-cuomo-randy-rainbow/?utm_source=rss&utm_medium=rss&utm_campaign=cuomosexual-andrew-cuomo-randy-rainbow,en,FALSE,,366828,dailydot.com,http://dailydot.com/
1571096956,4/7/2020 5:30,Coronavirus has shown that it is possible to change the US criminal justice system | Derecka Purnell,https://www.theguardian.com/commentisfree/2020/apr/07/criminal-justice-system-us-coronavirus-shown-possible-to-change,en,FALSE,,623382,Guardian - United States,http://www.theguardian.com/us
1571112850,4/7/2020 5:30,Coronavirus has shown that it is possible to change the US criminal justice system | Derecka Purnell,https://www.theguardian.com/commentisfree/2020/apr/07/criminal-justice-system-us-coronavirus-shown-possible-to-change,en,FALSE,,1751,Guardian US,https://www.theguardian.com/us
1571159472,4/7/2020 6:26,"US briefing: British PM in intensive care, while US Covid-19 deaths exceed 10,000",https://www.theguardian.com/us-news/2020/apr/07/us-briefing-british-pm-intensive-care-us-covid-19-deaths,en,FALSE,,623382,Guardian - United States,http://www.theguardian.com/us
1572194061,4/8/2020 3:59,A jail built on a landfill is at the center of America’s coronavirus outbreak,https://grist.org/justice/a-jail-built-on-a-landfill-is-at-the-center-of-americas-coronavirus-outbreak/,en,FALSE,,27343,Grist,http://grist.org/
1572562462,4/8/2020 9:30,How 27 Years in Prison Prepared Me for the Coronavirus,https://www.theroot.com/how-27-years-in-prison-prepared-me-for-the-coronavirus-1842710646,en,FALSE,,368082,theroot.com,http://theroot.com/
1572571222,4/8/2020 12:22,"More Than 700 People Have Tested Positive For Coronavirus on Rikers Island, Including Over 440 Staff",https://www.newsweek.com/rikers-island-covid-19-new-york-city-1496872?utm_source=Public&utm_medium=Feed&utm_campaign=Distribution,en,FALSE,,56510,Newsweek,http://newsweek.com/
1572578123,4/8/2020 12:22,"More Than 700 People Have Tested Positive For Coronavirus on Rikers Island, Including Over 440 Staff",https://www.newsweek.com/rikers-island-covid-19-new-york-city-1496872?utm_source=Public&utm_medium=Feed&utm_campaign=Distribution,en,FALSE,,1098,Newsweek ,http://www.newsweek.com/
1572618672,4/8/2020 12:11,Ellen DeGeneres Slammed For Comparing Mansion Quarantine To ‘Being In Jail’,https://www.huffpost.com/entry/ellen-degeneres-sparks-backlash-for-comparing-mansion-quarantine-to-being-in-jail_n_5e8dd869c5b6e1d10a6cf93e,en,FALSE,,623375,Huffington Post - United States,http://www.huffingtonpost.com/?country=US
1572695237,4/8/2020 12:11,Ellen DeGeneres Slammed For Comparing Mansion Quarantine To 'Being In Jail',https://www.huffpost.com/entry/ellen-degeneres-sparks-backlash-for-comparing-mansion-quarantine-to-being-in-jail_n_5e8dd869c5b6e1d10a6cf93e,en,FALSE,,96720,HuffPost Latino Voices,http://voces.huffingtonpost.com/#spider
1572773801,3/22/2020 0:00,"38 Positive for Coronavirus in NYC Jails, Including Rikers | Newsmax.com",https://www.newsmax.com/headline/coronavirus-nyc-jails-rikers/2020/03/22/id/959379/,en,FALSE,,25349,NewsMax,http://www.newsmax.com
1572878757,07:00.4,Mother Jones: Coronavirus Updates,https://www.motherjones.com/coronavirus-updates/,en,FALSE,,1112,Mother Jones,http://www.motherjones.com/
1573898503,4/9/2020 18:25,"Jailed on a Minor Parole Violation, He Caught the Coronavirus and Died",https://www.nytimes.com/2020/04/09/nyregion/rikers-coronavirus-deaths-parolees.html,en,FALSE,,1,New York Times,http://nytimes.com
1574303771,4/10/2020 5:45,Governors Are Too Cowardly To Solve The Coronavirus Outbreak In Prisons,https://www.huffpost.com/entry/governors-coronavirus-prisons_n_5e8f8ed9c5b6b371812dd9db,en,FALSE,,623375,Huffington Post - United States,http://www.huffingtonpost.com/?country=US
1574305493,4/10/2020 6:00,Officials: Bail reform helping stem virus spread in LI jails,https://www.newsday.com/news/health/coronavirus/coronavirus-jails-bail-reform-1.43761323,en,FALSE,,13,Newsday,http://www.newsday.com/
1574362705,4/10/2020 10:00,I Was A Prison Hospice Aide Until The Coronavirus Came. Now Inmates Are Dying Alone.,https://www.buzzfeednews.com/article/thomasgant/coronavirus-social-distancing-prison-hospice,en,FALSE,,6218,Buzzfeed,http://www.buzzfeed.com
1574613839,4/10/2020 12:09,"More than 1,500 NYC inmates have been released during coronavirus crisis",https://nypost.com/2020/04/10/more-than-1500-nyc-inmates-have-been-released-amid-coronavirus-crisis/,en,FALSE,,7,NY Post,http://www.nypost.com/
1564662611,3/23/2020 13:47,‘Elderly Clemency’: AOC Uses Coronavirus Crisis to Try to Release Older Criminals from Rikers,https://www.breitbart.com/politics/2020/03/23/elderly-clemency-aoc-uses-coronavirus-crisis-to-try-to-release-older-criminals-from-rikers/,en,FALSE,,19334,Breitbart,http://www.breitbart.com
1574878579,4/10/2020 12:26,Prison uprising put down as US inmates demand protection from coronavirus,https://www.theguardian.com/us-news/2020/apr/10/us-prisons-coronavirus-uprising-riot,en,FALSE,,623382,Guardian - United States,http://www.theguardian.com/us
1555267756,3/21/2020 21:40,"38 positive for coronavirus in NYC jails, including Rikers",https://abcnews.go.com/US/wireStory/38-positive-coronavirus-nyc-jails-including-rikers-69731911,en,TRUE,,39000,ABC News,http://abcnews.go.com/
1565791623,4/1/2020 14:51,Could The Coronavirus Pandemic Lead To Violent Prisoners Being Released Across America?,https://dailycaller.com/2020/04/01/coronavirus-pandemic-jail-break-america/,en,FALSE,,18775,Daily Caller,http://dailycaller.com
1553494368,3/19/2020 19:45,De Blasio pleads with Trump for military aid amid 'staggering' spike in coronavirus cases,https://www.politico.com/states/new-york/albany/story/2020/03/19/de-blasio-pleads-with-trump-for-military-aid-amid-staggering-spike-in-coronavirus-cases-1268186,en,FALSE,,18268,Politico,https://www.politico.com/
1568313988,4/3/2020 20:00,Barr to speed releases at federal prisons hard hit by virus,https://www.politico.com/news/2020/04/03/barr-to-speed-releases-at-federal-prisons-hard-hit-by-virus-164175,en,FALSE,,18268,Politico,https://www.politico.com/
1567628398,4/3/2020 7:01,"Meek Mill, Jay-Z charity sends masks to prisons to protect prisoners from coronavirus",https://abcnews.go.com/Health/meek-mill-jay-zs-criminal-justice-organization-ramps/story?id=69943866,en,FALSE,,39000,ABC News,http://abcnews.go.com/
1571696843,4/7/2020 16:01,Victim's family says they weren't told of violent offender's release amid COVID-19,https://abcnews.go.com/Health/crime-victim-calls-slap-faces-violent-offenders-released/story?id=69957568,en,FALSE,,39000,ABC News,http://abcnews.go.com/
1555529619,3/22/2020 6:00,"38 positive for coronavirus in NYC jails, including Rikers",https://abcnews.go.com/Health/wireStory/38-positive-coronavirus-nyc-jails-including-rikers-69733489,en,FALSE,,39000,ABC News,http://abcnews.go.com/
1552290749,3/18/2020 14:36,We must stop filling prisons while coronavirus rages or we'll extend the pandemic,https://www.nbcnews.com/think/opinion/while-coronavirus-pandemic-lasts-we-must-stop-filling-prisons-or-ncna1162176?cid=public-rss_20200318,en,FALSE,,25499,NBC News,http://www.nbcnews.com
1561725359,3/28/2020 12:41,Coronavirus behind bars: Prisoners being freed to slow spread in 'virus vectors',https://www.nbcnews.com/politics/politics-news/coronavirus-behind-bars-prisoners-being-freed-slow-spread-virus-vectors-n1169881?cid=public-rss_20200328,en,FALSE,,25499,NBC News,http://www.nbcnews.com
1563733200,3/30/2020 18:30,'I fear for my life': Prisoners in New York City jails sound alarm as coronavirus spreads,https://www.nbcnews.com/news/us-news/prisoners-new-york-city-jails-sound-alarm-coronavirus-spreads-i-n1172306?cid=public-rss_20200331,en,FALSE,,25499,NBC News,http://www.nbcnews.com
1567401730,4/2/2020 20:40,DOJ's coronavirus response could lead to lasting reforms — or scary power grabs,https://www.nbcnews.com/think/opinion/congress-doj-s-coronavirus-strategy-must-link-health-justice-ncna1175186?cid=public-rss_20200403,en,FALSE,,25499,NBC News,http://www.nbcnews.com
1572735941,4/8/2020 14:27,Jails are releasing inmates amid coronavirus. N.Y. took a step to lock more people up.,https://www.nbcnews.com/news/us-news/jails-are-releasing-inmates-because-coronavirus-new-york-just-took-n1179041?cid=public-rss_20200408,en,FALSE,,25499,NBC News,http://www.nbcnews.com
1571868904,4/7/2020 21:25,"To keep coronavirus from spreading, we must reduce the jail population, report says",http://www.dailykos.com/stories/1934831,en,FALSE,,115,Daily Kos,http://www.dailykos.com
1572694212,4/8/2020 14:15,"Incarcerated people are being neglected during the pandemic, and it’s threatening public health",http://www.dailykos.com/stories/1935222,en,FALSE,,115,Daily Kos,http://www.dailykos.com
1550161541,3/16/2020 18:15,Coronavirus upends justice system as states close courts and halt trials,https://www.nbcnews.com/news/us-news/coronavirus-upends-justice-system-states-close-courts-halt-trials-n1160961?cid=public-rss_20200316,en,FALSE,,25499,NBC News,http://www.nbcnews.com
1560256883,3/26/2020 21:04,Coronavirus Jailbreak: NYC Frees 375 Inmates While Car Theft Skyrockets,http://feedproxy.google.com/~r/breitbart/~3/Vd7BqaZ4y9M/,en,FALSE,,19334,Breitbart,http://www.breitbart.com
1552416907,3/18/2020 20:44,New coronavirus cases in US jails heighten concerns about an unprepared system,http://rss.cnn.com/~r/rss/cnn_latest/~3/Pmgz90a8YNI/index.html,en,FALSE,,1095,CNN,http://www.cnn.com/
1554679527,3/21/2020 3:04,Three inmates test positive for coronavirus in Georgia as concerns grow over unprepared prison system,http://rss.cnn.com/~r/rss/cnn_latest/~3/ltNItdR-eo8/index.html,en,FALSE,,1095,CNN,http://www.cnn.com/
1560196509,3/26/2020 20:31,Trump administration to federal prisons: Increase home confinement for inmates to slow coronavirus spread,http://rss.cnn.com/~r/rss/cnn_latest/~3/MFapMYjQh2k/index.html,en,FALSE,,1095,CNN,http://www.cnn.com/
1543250737,3/9/2020 17:39,Cuomo slammed by justice group over hand sanitizer made using ‘slave labor’,https://nypost.com/2020/03/09/cuomo-slammed-by-justice-group-over-hand-sanitizer-made-using-slave-labor/,en,FALSE,,7,NY Post,http://www.nypost.com/
1548309900,3/14/2020 14:46,NY Department of Corrections suspends visits statewide until April 11,https://nypost.com/2020/03/14/ny-department-of-corrections-suspends-visits-statewide-until-april-11/,en,FALSE,,7,NY Post,http://www.nypost.com/
1551257438,3/17/2020 19:49,NY pols using coronavirus scare to try and stop changes to bail reform,https://nypost.com/2020/03/17/ny-pols-using-coronavirus-scare-to-try-and-stop-changes-to-bail-reform/,en,FALSE,,7,NY Post,http://www.nypost.com/
1575644951,4/11/2020 12:00,Nativists reveal their inhuman side by opposing immigrant detainees' release amid pandemic,http://www.dailykos.com/stories/1936371,en,FALSE,,115,Daily Kos,http://www.dailykos.com
1553417986,3/19/2020 17:50,"NY prosecutors ask Cuomo to suspend new evidence, speedy trial rules",https://nypost.com/2020/03/19/ny-prosecutors-ask-cuomo-to-suspend-new-evidence-speedy-trial-rules/,en,FALSE,,7,NY Post,http://www.nypost.com/
1555628762,3/22/2020 9:25,"38 test positive for coronavirus in NYC jails, including Rikers",https://nypost.com/2020/03/22/38-test-positive-for-coronavirus-in-nyc-jails-including-rikers/,en,FALSE,,7,NY Post,http://www.nypost.com/
1561711329,3/28/2020 13:12,Union boss wants floating jail turned into Rikers coronavirus hospital,https://nypost.com/2020/03/28/union-boss-wants-floating-jail-turned-into-rikers-coronavirus-hospital/,en,FALSE,,7,NY Post,http://www.nypost.com/
1544314368,3/10/2020 18:25,New York to pay incarcerated laborers 65 cents an hour to make hand sanitizer to fight coronavirus,http://www.dailykos.com/stories/1926214,en,FALSE,,115,Daily Kos,http://www.dailykos.com
1567830584,4/3/2020 10:29,Lawsuits piling up across US amid coronavirus pandemic,https://nypost.com/2020/04/03/lawsuits-piling-up-across-us-amid-coronavirus-pandemic/,en,FALSE,,7,NY Post,http://www.nypost.com/
1573906967,3/25/2020 10:00,'Like a f---ing slave ship': Lawyer details horrific conditions at Rikers Island jails amid COVID-19,http://www.dailykos.com/stories/1930802,en,FALSE,,115,Daily Kos,http://www.dailykos.com
1569517316,4/5/2020 12:28,Bill Bratton warns New York could face ‘crime virus’ over bail reform bill,https://nypost.com/2020/04/05/bill-bratton-warns-ny-could-face-crime-virus-over-bail-reform-bill/,en,FALSE,,7,NY Post,http://www.nypost.com/
1566965314,4/2/2020 15:15,"From PPE to hospital laundry, COVID-19 outbreak exposes America’s dependence on incarcerated labor",http://www.dailykos.com/stories/1933645,en,FALSE,,115,Daily Kos,http://www.dailykos.com
1551257457,3/17/2020 19:32,An insane demand from the Legal Aid Society,https://nypost.com/2020/03/17/an-insane-demand-from-the-legal-aid-society/,en,FALSE,,7,NY Post,http://www.nypost.com/
1556938491,3/23/2020 20:17,Don’t let reasonable prison releases turn into a mass coronavirus jailbreak,https://nypost.com/2020/03/23/dont-let-reasonable-prison-releases-turn-into-a-mass-coronavirus-jailbreak/,en,FALSE,,7,NY Post,http://www.nypost.com/
1564789673,3/31/2020 19:44,De Blasio’s plan to free violent inmates is surely his most reckless ever,https://nypost.com/2020/03/31/de-blasios-plan-to-free-violent-inmates-is-surely-his-most-reckless-ever/,en,FALSE,,7,NY Post,http://www.nypost.com/
1556716317,3/23/2020 15:00,Justice Department offers ideas to expand judicial powers,https://www.cbsnews.com/news/justice-department-offers-congress-ideas-to-expand-judicial-powers-during-coronavirus-crisis/,en,FALSE,,1752,cbs news,http://www.cbsnews.com/
1576386524,3/13/2020 21:10,Advocates Call for Release of Low-Risk Incarcerated to Curb Coronavirus Spread,https://www.colorlines.com/articles/advocates-call-release-low-risk-incarcerated-curb-coronavirus-spread,en,FALSE,,24581,colorlines.com,http://colorlines.com
1576454365,3/22/2020 0:00,Jails release thousands of inmates to curb coronavirus spread | Fox Business,https://www.foxbusiness.com/lifestyle/jails-release-inmates-coronavirus,en,TRUE,,1092,FOX News,http://www.foxnews.com/
1576537766,3/11/2020 0:00,Coronavirus raises concerns in jails and prisons | Fox Business,https://www.foxbusiness.com/lifestyle/how-jails-and-prisons-are-dealing-with-the-coronavirus-outbreak,en,FALSE,,1092,FOX News,http://www.foxnews.com/
1565729675,4/1/2020 14:00,New York state budget deal includes overhaul of bail reform: sources,https://nypost.com/2020/04/01/new-york-state-budget-deal-includes-overhaul-of-bail-reform/,en,FALSE,,7,NY Post,http://www.nypost.com/
1576644356,4/15/2020 0:00,New York's Rikers Island Jail Sees First Inmate Death From COVID-19,https://time.com/5816332/rikers-island-inmate-dies-coronavirus/,en,FALSE,,4419,Time,http://time.com
1576645883,25:45.0,How coronavirus is crippling courts and raising concerns among civil liberties advocates - ABC News,https://abcnews.go.com/US/coronavirus-crippling-courts-raising-concerns-civil-liberties-advocates/story?id=69757862,en,FALSE,,39000,ABC News,http://abcnews.go.com/
1576900087,4/2/2020 11:06,"N.Y.C. Death Toll Tops 1,500 as Cuomo Warns on Ventilators - The New York Times",https://www.nytimes.com/2020/04/02/nyregion/coronavirus-new-york-update.html?action=click&module=Spotlight&pgtype=Homepage#link-23c26b3b,en,FALSE,,1,New York Times,http://nytimes.com
1567624353,4/3/2020 7:19,Jay-Z and Meek Mill sending surgical masks to jails and prisons,https://www.cbsnews.com/news/jay-z-meek-mill-reform-alliance-coronavirus-surgical-masks-prisons-jails-mississippi-parchman-rikers-island/,en,FALSE,,1752,cbs news,http://www.cbsnews.com/
1550904299,3/17/2020 11:58,'More challenging than 9/11': Pandemic tests American criminal justice,http://rss.cnn.com/~r/rss/cnn_latest/~3/5ATm19Gno6Y/index.html,en,FALSE,,1095,CNN,http://www.cnn.com/
1565347225,4/1/2020 7:45,"Lorena Borjas, a transgender Latina activist who fought for immigrants and sex workers, has died of Covid-19",http://rss.cnn.com/~r/rss/cnn_latest/~3/D53XqtfFSeo/index.html,en,FALSE,,1095,CNN,http://www.cnn.com/
1568741152,4/4/2020 9:05,'I'm scared to leave': Freed inmates face new challenges in the age of coronavirus,http://rss.cnn.com/~r/rss/cnn_latest/~3/hQKjWPNv05w/index.html,en,FALSE,,1095,CNN,http://www.cnn.com/
1553386857,3/17/2020 12:30,A coronavirus outbreak in jails or prisons could turn into a nightmare,https://www.vox.com/policy-and-politics/2020/3/17/21181515/coronavirus-covid-19-jails-prisons-mass-incarceration,en,FALSE,,104828,Vox,http://www.vox.com
1565784890,4/1/2020 15:10,"Federal prisons are fighting coronavirus with home release and a quarantine, but that may not be enough",https://www.vox.com/policy-and-politics/2020/4/1/21202808/coronavirus-federal-prisons-doj-barr-14-day-quarantine,en,FALSE,,104828,Vox,http://www.vox.com
1543713539,3/10/2020 5:42,Inmates are manufacturing hand sanitizer to help fight coronavirus. But will they be allowed to use it?,https://www.washingtonpost.com/nation/2020/03/10/hand-sanitizer-prison-labor/?utm_source=rss&utm_medium=referral&utm_campaign=wp_homepage,en,FALSE,"medicine and health, diseases and conditions, prisons and prisoners, viruses",2,Washington Post,http://washingtonpost.com
1568706759,4/4/2020 8:00,He spent 24 years in prison. He came out to a new kind of confinement.,https://www.washingtonpost.com/local/legal-issues/he-spent-24-years-in-prison-he-came-out-to-a-new-kind-of-confinement/2020/04/03/af3e3614-7359-11ea-a9bd-9f8b593300d0_story.html?utm_source=rss&utm_medium=referral&utm_campaign=wp_homepage,en,FALSE,medicine and health,2,Washington Post,http://washingtonpost.com
1568932453,4/4/2020 13:55,"Nets owner Joe Tsai donating 1,000 ventilators to NY in coronavirus fight",https://nypost.com/2020/04/04/nets-tsai-china-donating-1000-ventilators-to-ny-in-coronavirus-fight/,en,FALSE,"medicine and health, diseases and conditions",7,NY Post,http://www.nypost.com/
1574408510,4/10/2020 8:17,Freeing inmates won’t thwart the virus if we exclude those locked up for violence,https://www.washingtonpost.com/outlook/2020/04/10/prison-violent-offender-jail-coronavirus/?utm_source=rss&utm_medium=referral&utm_campaign=wp_homepage,en,FALSE,"medicine and health, crime and criminals, diseases and conditions, prisons and prisoners",2,Washington Post,http://washingtonpost.com
1573861993,4/9/2020 17:48,NYC inmate's death after testing positive for COVID-19 raises questions about conditions in jails and prisons,https://www.cbsnews.com/video/nyc-inmates-death-after-testing-positive-for-covid-19-raises-questions-about-conditions-in-jails-and-prisons/,en,FALSE,"medicine and health, diseases and conditions, prisons and prisoners",1752,cbs news,http://www.cbsnews.com/
1560134256,3/26/2020 6:46,New York City’s crime rate plummets amid coronavirus shutdown,https://www.washingtonpost.com/world/national-security/coronavirus-new-york-city-crime/2020/03/26/6a408e94-6f9a-11ea-a3ec-70d7479d83f0_story.html?utm_source=rss&utm_medium=referral&utm_campaign=wp_homepage,en,FALSE,crime and criminals,2,Washington Post,http://washingtonpost.com
1552364961,3/18/2020 19:04,NYC to begin releasing inmates amid coronavirus outbreak,https://nypost.com/2020/03/18/nyc-to-begin-releasing-inmates-amid-coronavirus-outbreak/,en,FALSE,"medicine and health, crime and criminals, prisons and prisoners",7,NY Post,http://www.nypost.com/
1553465469,3/19/2020 19:05,Social distancing? What prisons are doing to stop the spread of coronavirus,https://www.latimes.com/world-nation/story/2020-03-19/la-na-coronavirus-prisons-safety,en,FALSE,"medicine and health, crime and criminals, prisons and prisoners",6,LA Times,http://www.latimes.com/
1576780793,4/12/2020 22:05,Jay-Z And Meek Mill Donate Surgical Masks To Prisons Amid COVID-19 Pandemic,https://newsone.com/3927081/meek-mill-jayz-reform-alliance-donate-130000-masks-to-prisons-amid-coronavirus-pandemic/,en,FALSE,"medicine and health, crime and criminals, diseases and conditions, prisons and prisoners",24661,newsone.com,http://newsone.com
1577153827,4/13/2020 5:45,We Can’t Police Our Way Out of This Pandemic,https://slate.com/news-and-politics/2020/04/pandemic-policing-blame-america.html?via=rss,en,FALSE,"medicine and health, diseases and conditions",19643,Slate.com,http://www.slate.com
1577188612,4/12/2020 20:38,'It would cripple us completely': Coronavirus takes toll on rural police agencies,https://news.yahoo.com/cripple-us-completely-coronavirus-takes-003806466.html,en,FALSE,"medicine and health, police, diseases and conditions",751082,Yahoo News - Latest News & Headlines,https://www.yahoo.com/news/
1577227994,4/13/2020 11:47,Supreme Court Will Hear Three Key Trump Financial Cases Through First-Ever Teleconference,https://www.newsweek.com/supreme-court-will-hear-two-key-trump-financial-cases-through-first-ever-teleconference-1497553?utm_source=Public&utm_medium=Feed&utm_campaign=Distribution,en,FALSE,medicine and health,56510,Newsweek,http://newsweek.com/
1577232336,4/13/2020 11:47,Supreme Court Will Hear Three Key Trump Financial Cases Through First-Ever Teleconference,https://www.newsweek.com/supreme-court-will-hear-two-key-trump-financial-cases-through-first-ever-teleconference-1497553?utm_source=Public&utm_medium=Feed&utm_campaign=Distribution,en,FALSE,medicine and health,1098,Newsweek ,http://www.newsweek.com/
1577240648,4/10/2020 5:45,Governors Are Too Cowardly To Solve The Coronavirus Outbreak In Prisons,https://www.huffpost.com/entry/governors-coronavirus-prisons_n_5e8f8ed9c5b6b371812dd9db,en,FALSE,"medicine and health, diseases and conditions, prisons and prisoners",96720,HuffPost Latino Voices,http://voces.huffingtonpost.com/#spider
1568076985,4/3/2020 14:10,Why people are being released from jails and prisons during the pandemic,https://www.vox.com/2020/4/3/21200832/jail-prison-early-release-coronavirus-covid-19-incarcerated,en,FALSE,"medicine and health, diseases and conditions, fires and firefighters, prisons and prisoners, viruses",104828,Vox,http://www.vox.com
1579331736,3/23/2020 21:20,Coronavirus Updates: De Blasio Says Up To 400 Are Being Considered For Release From City Jails; 75 Already Released,https://gothamist.com/news/coronavirus-updates-nyc-hospitals-ventilators-covid-19-de-blasio?sf119608827=1,en,FALSE,"medicine and health, prisons and prisoners",5810,Gothamist,http://gothamist.com/
1577755346,4/14/2020 7:30,"Andrew Cuomo Has Stepped Up For New York, But Black Folks Should Still Be Leery",https://newsone.com/3927061/should-black-people-support-andrew-cuomo/,en,FALSE,"politics and government, medicine and health, diseases and conditions, viruses",24661,newsone.com,http://newsone.com
1577780051,4/14/2020 9:09,HIV Prison Activists Are Leading a Freedom Movement in the Face of COVID-19,https://truthout.org/articles/hiv-prison-activists-are-leading-a-freedom-movement-in-the-face-of-covid-19/,en,FALSE,"medicine and health, drug abuse and traffic, crime and criminals, diseases and conditions, prisons and prisoners, viruses, acquired immune deficiency syndrome",22332,Truthout,http://www.truth-out.org
1580115240,37:07.7,Coronavirus behind bars: Prisoners being freed to slow spread in 'virus vectors',https://www.nbcnews.com/politics/politics-news/coronavirus-behind-bars-prisoners-being-freed-slow-spread-virus-vectors-n1169881,en,FALSE,"medicine and health, immigration and refugees, crime and criminals, diseases and conditions, prisons and prisoners",25499,NBC News,http://www.nbcnews.com
1547813817,3/13/2020 21:30,"Nearly 500,000 People Who Have Not Been Convicted Are In Jail At High Coronavirus Risk",https://www.huffpost.com/entry/pretrial-detention-coronavirus-money-bail_n_5e6c24a6c5b6bd8156f7647a,en,FALSE,"medicine and health, labor, crime and criminals, diseases and conditions, prisons and prisoners",27502,Huffington Post,http://www.huffingtonpost.com/#
1577951855,19:15.7,A Crisis in Our Prisons: Dr. Sanjay Gupta's coronavirus podcast for April 14,http://rss.cnn.com/~r/rss/cnn_health/~3/8X1Jy0-0o2A/index.html,en,FALSE,"medicine and health, diseases and conditions, prisons and prisoners",1095,CNN,http://www.cnn.com/
1577945131,4/14/2020 12:15,More than 20 states are using prison labor to make hand sanitizer and masks while the coronavirus spreads through the prison system,https://www.businessinsider.com/coronavirus-prison-labor-hand-sanitizer-masks-2020-4,en,FALSE,"medicine and health, labor, diseases and conditions, prisons and prisoners, shortages",18710,Business Insider,http://www.businessinsider.com
1577975879,4/14/2020 12:15,A Crisis in Our Prisons: Dr. Sanjay Gupta's coronavirus podcast for April 14,http://rss.cnn.com/~r/rss/cnn_latest/~3/8X1Jy0-0o2A/index.html,en,FALSE,"medicine and health, diseases and conditions, prisons and prisoners",20088,CNN U.S. Edition,http://us.cnn.com
1580471497,3/10/2020 21:30,NY Gov Slammed for Using 'Slave Labor' in Manufacture of Hand Sanitizer,https://www.colorlines.com/articles/ny-gov-slammed-using-slave-labor-manufacture-hand-sanitizer,en,FALSE,"medicine and health, diseases and conditions, viruses",24581,colorlines.com,http://colorlines.com
1578169497,4/14/2020 15:07,Save a Life From Coronavirus: Bail Someone Out of Jail Today,https://www.nytimes.com/2020/04/14/opinion/coronavirus-jail-bail.html,en,FALSE,"finances, medicine and health, crime and criminals, diseases and conditions, prisons and prisoners",1,New York Times,http://nytimes.com
1578433878,4/14/2020 21:42,"As coronavirus spreads, cash bail is a virtual a death sentence",http://rssfeeds.usatoday.com/~/621585642/0/news-opinion~As-coronavirus-spreads-cash-bail-is-a-virtual-a-death-sentence/,en,FALSE,"medicine and health, crime and criminals, diseases and conditions, prisons and prisoners, viruses",4,USA Today,http://www.usatoday.com
1543056836,3/9/2020 13:50,New York State Will Produce Hand Sanitizer Made By Prison Inmates,https://www.huffpost.com/entry/coronavirus-new-york-hand-sanitizer-prisoners_n_5e666e20c5b6670e72fc2041,en,FALSE,"medicine and health, diseases and conditions, prisons and prisoners, shortages",27502,Huffington Post,http://www.huffingtonpost.com/#
1555607790,3/22/2020 9:13,"38 NYC inmates, including at Rikers, test positive for coronavirus",https://www.foxnews.com/us/nyc-jail-rikers-inmates-coronavirus,en,TRUE,"tests and testing, medicine and health, crime and criminals, diseases and conditions, prisons and prisoners, viruses",1092,FOX News,http://www.foxnews.com/
1574677795,4/1/2020 11:18,DAs blast de Blasio as violent offenders set for release from Rikers despite mayor's promise,https://www.foxnews.com/politics/das-blast-de-blasio-after-violent-offenders-released-from-rikers-despite-mayors-promise,en,FALSE,"medicine and health, drug abuse and traffic, crime and criminals, sex crimes, diseases and conditions",1092,FOX News,http://www.foxnews.com/
1578884507,4/15/2020 10:30,"2020 vote: Biden, Sanders and Trump",https://www.newsday.com/opinion/coronavirus/newsday-reader-letters-opinion-1.43865866,en,FALSE,"politics and government, united states politics and government",13,Newsday,http://www.newsday.com/
1578943877,4/15/2020 10:59,Why John Legend Wants Gov. Cuomo To Work On Prison Reform,https://www.ibtimes.com/why-john-legend-wants-gov-cuomo-work-prison-reform-2959124?utm_source=Public&utm_medium=Feed&utm_campaign=Distribution,en,FALSE,"politics and government, medicine and health, diseases and conditions, prisons and prisoners, viruses",41550,IBTimes,http://www.ibtimes.com/
1579351214,4/15/2020 18:22,"Athletes, teams, celebs are 'All In' to feed hungry",https://www.chron.com/sports/article/Athletes-teams-celebs-are-All-In-to-feed-15203267.php,en,FALSE,athletics and sports,10,houstonchronicle,http://www.chron.com/
1579386672,4/15/2020 22:14,Freed thugs sow fear in NYC during coronavirus lockdown: Devine,https://nypost.com/2020/04/15/freed-thugs-sow-fear-in-nyc-during-coronavirus-lockdown-devine/,en,FALSE,,7,NY Post,http://www.nypost.com/
1579415472,4/15/2020 12:53,Joaquin Phoenix Calls On Gov. Cuomo to Release New York's Prisoners,http://feedproxy.google.com/~r/breitbart/~3/asMjPQgj4wE/,en,FALSE,"politics and government, medicine and health, recordings (audio), diseases and conditions, prisons and prisoners",19334,Breitbart,http://www.breitbart.com
1579668044,4/15/2020 17:05,Judge denies release of Rikers Island inmates over COVID-19 concerns,https://abcnews.go.com/US/judge-denies-release-rikers-island-inmates-covid-19/story?id=70138815,en,FALSE,"medicine and health, diseases and conditions, prisons and prisoners",39000,ABC News,http://abcnews.go.com/
1580213787,4/16/2020 13:10,George Soros’s Foundation Pledges $130 Million in Coronavirus Relief,https://www.nytimes.com/2020/04/16/nyregion/george-soros-foundation-coronavirus.html,en,FALSE,"finances, medicine and health, philanthropy, diseases and conditions, viruses",1,New York Times,http://nytimes.com
1580367472,4/16/2020 16:00,"Roc Nation and goPuff Team With Feeding America to Provide 200,000 Meals to Vulnerable Communities Impacted by COVID-19",https://thegrapevine.theroot.com/roc-nation-and-gopuff-team-with-feeding-america-to-prov-1842903435,en,FALSE,"medicine and health, diseases and conditions, food",368082,theroot.com,http://theroot.com/
1580612225,4/16/2020 22:58,"Michael Cohen, Trump's ex-lawyer, to be released from prison due to coronavirus: source",https://www.foxnews.com/health/michael-cohen-freed-prison-coronavirus,en,FALSE,"tests and testing, medicine and health, diseases and conditions, prisons and prisoners",1092,FOX News,http://www.foxnews.com/
1580618534,4/16/2020 22:43,Michael Cohen to be released from prison early over virus concerns,https://www.nbcnews.com/politics/politics-news/trump-lawyer-michael-cohen-be-released-prison-early-over-virus-n1185901?cid=public-rss_20200417,en,FALSE,"medicine and health, diseases and conditions",34663,NBC Breaking News,http://www.breakingnews.com#spider
1580619941,4/16/2020 22:43,Michael Cohen to be released from prison early over virus concerns,https://www.nbcnews.com/politics/politics-news/trump-lawyer-michael-cohen-be-released-prison-early-over-virus-n1185901?cid=public-rss_20200417,en,FALSE,"medicine and health, diseases and conditions",25499,NBC News,http://www.nbcnews.com
1581206879,4/17/2020 9:31,Bailout of Black Mothers Takes on New Urgency as Coronavirus Pushes Fundraising Efforts Earlier,https://theglowup.theroot.com/bailout-of-black-mothers-takes-on-new-urgency-as-corona-1842917521,en,FALSE,medicine and health,368082,theroot.com,http://theroot.com/
1572602602,4/8/2020 12:11,Ellen DeGeneres Slammed For Comparing Mansion Quarantine To ‘Being In Jail’,https://www.huffpost.com/entry/ellen-degeneres-sparks-backlash-for-comparing-mansion-quarantine-to-being-in-jail_n_5e8dd869c5b6e1d10a6cf93e,en,FALSE,"medicine and health, diseases and conditions",27502,Huffington Post,http://www.huffingtonpost.com/#
1581230241,4/17/2020 12:25,"Former Trump ""fixer"" Michael Cohen granted early release from prison amid coronavirus pandemic",https://www.salon.com/2020/04/17/former-trump-fixer-michael-cohen-granted-early-release-from-prison-amid-coronavirus-pandemic/,en,FALSE,"medicine and health, suits and litigation, crime and criminals, diseases and conditions, prisons and prisoners",1757,Salon,http://www.salon.com/
1553127927,3/19/2020 12:21,"Coronavirus could spread in prisons 'like fire through a dry barn,' says Justice Action Network director",https://www.foxnews.com/media/coronavirus-spread-prisons-fire-dry-barn,en,FALSE,"medicine and health, diseases and conditions, prisons and prisoners, viruses",1092,FOX News,http://www.foxnews.com/
1581312388,4/17/2020 4:01,"""Empty the jails"" inmate manages one day of freedom",https://hotair.com/archives/jazz-shaw/2020/04/17/empty-jails-inmate-manages-one-day-freedom/,en,FALSE,"medicine and health, crime and criminals, diseases and conditions, prisons and prisoners",117,Hot Air  ,http://hotair.com
1574303822,4/10/2020 5:45,Governors Are Too Cowardly To Solve The Coronavirus Outbreak In Prisons,https://www.huffpost.com/entry/governors-coronavirus-prisons_n_5e8f8ed9c5b6b371812dd9db,en,FALSE,"medicine and health, diseases and conditions, prisons and prisoners",27502,Huffington Post,http://www.huffingtonpost.com/#
1581470915,4/17/2020 17:05,COVID-19 Leads Some States To Show Mercy on Petty Fines Owed,https://reason.com/2020/04/17/covid-19-leads-some-states-to-show-mercy-on-small-fines-owed/,en,FALSE,finances,72523,Reason.com,http://reason.com/
1581513749,4/17/2020 17:23,"Campaigns, Fundraisers Work To Bail New York City Inmates Amid COVID-19 Outbreaks in Jails and Detention Centers",http://feedproxy.google.com/~r/time/topstories/~3/lcYkDudB66I/,en,FALSE,"medicine and health, prisons and prisoners",4419,Time,http://time.com
1581540283,4/17/2020 19:27,The ‘fixes’ to New York’s no-bail law don’t do nearly enough,https://nypost.com/2020/04/17/the-fixes-to-new-yorks-no-bail-law-dont-do-nearly-enough/,en,FALSE,"politics and government, law and legislation, medicine and health, editorials, crime and criminals, prisons and prisoners",7,NY Post,http://www.nypost.com/
1581541391,4/17/2020 19:37,Why the coronavirus crisis is so much worse behind bars,https://www.alternet.org/2020/04/why-the-coronavirus-crisis-is-so-much-worse-behind-bars/,en,FALSE,"medicine and health, diseases and conditions, prisons and prisoners, mental health and disorders",56758,Alternet,https://www.alternet.org/
1555293464,3/21/2020 23:16,"17 Employees, 21 Inmates Test Positive For Coronavirus In NYC Jails",https://www.huffpost.com/entry/38-positive-coronavirus-nyc-jails-rikers_n_5e76d6a6c5b6eab77949a435,en,TRUE,"tests and testing, medicine and health, diseases and conditions, prisons and prisoners",27502,Huffington Post,http://www.huffingtonpost.com/#
1551062385,3/17/2020 15:10,Incarcerated elderly and chronically ill people could be hit hard by coronavirus. Are prisons ready?,http://www.dailykos.com/stories/1928325,en,FALSE,"medicine and health, diseases and conditions, viruses",115,Daily Kos,http://www.dailykos.com
1582262310,4/17/2020 10:39,Coronavirus: Ex-Trump lawyer Michael Cohen 'to be released from prison',https://news.yahoo.com/coronavirus-ex-trump-lawyer-michael-143900556.html,en,FALSE,"medicine and health, crime and criminals, diseases and conditions, prisons and prisoners",751082,Yahoo News - Latest News & Headlines,https://www.yahoo.com/news/
1558424578,3/25/2020 6:53,Power Up: Trump’s job approval spike signals rally effect during coronavirus crisis,https://www.washingtonpost.com/politics/power-up-trumps-job-approval-spike-signals-rally-effect-during-coronavirus-crisis/2020/03/25/20990bcb-724b-42b5-9115-6d7073405763_story.html?utm_source=rss&utm_medium=referral&utm_campaign=wp_homepage,en,FALSE,"politics and government, law and legislation, finances, budgets and budgeting, medicine and health, diseases and conditions",2,Washington Post,http://washingtonpost.com
1558397038,3/25/2020 6:00,‘Disaster waiting to happen’: Thousands of inmates released as jails and prisons face coronavirus threat,https://www.washingtonpost.com/national/disaster-waiting-to-happen-thousands-of-inmates-released-as-jails-face-coronavirus-threat/2020/03/24/761c2d84-6b8c-11ea-b313-df458622c2cc_story.html?utm_source=rss&utm_medium=referral&utm_campaign=wp_national,en,FALSE,"medicine and health, crime and criminals, diseases and conditions, prisons and prisoners",2,Washington Post,http://washingtonpost.com
1582564663,4/19/2020 5:00,Biden courts Ocasio-Cortez – but is she willing to lend her support?,https://www.theguardian.com/us-news/2020/apr/19/joe-biden-alexandria-ocasio-cortez-democrats,en,FALSE,"politics and government, finances, united states politics and government, elections, presidents and presidency (us), presidential elections (us), television, election issues, presidential election of 2008",1751,Guardian US,https://www.theguardian.com/us
1582610029,4/19/2020 5:00,Biden courts Ocasio-Cortez – but will he go bold enough to win her support?,https://www.theguardian.com/us-news/2020/apr/19/joe-biden-alexandria-ocasio-cortez-democrats,en,FALSE,"politics and government, finances, united states politics and government, elections, presidents and presidency (us), presidential elections (us), television, election issues, presidential election of 2008",623382,Guardian - United States,http://www.theguardian.com/us
1582701278,4/19/2020 8:23,I am a prisoner in New York City. I am asking Governor Cuomo for compassion | Stanley Bellamy,https://www.theguardian.com/commentisfree/2020/apr/19/prisoner-new-york-city-governor-cuomo-compassion,en,FALSE,"medicine and health, diseases and conditions, prisons and prisoners, viruses",623382,Guardian - United States,http://www.theguardian.com/us
1582704283,4/19/2020 8:23,I am a prisoner in New York State. I am asking Governor Cuomo for compassion | Stanley Bellamy,https://www.theguardian.com/commentisfree/2020/apr/19/prisoner-new-york-city-governor-cuomo-compassion,en,FALSE,"medicine and health, diseases and conditions, prisons and prisoners, viruses",1751,Guardian US,https://www.theguardian.com/us
1583136839,06:36.2,Trump lawyer Michael Cohen to be released from prison early over virus concerns,https://www.nbcnews.com/politics/politics-news/trump-lawyer-michael-cohen-be-released-prison-early-over-virus-n1185901,en,FALSE,"medicine and health, diseases and conditions",25499,NBC News,http://www.nbcnews.com
1574496578,4/10/2020 9:45,Trump campaign demands PAC halt 'misleading fundraising efforts' off president's name,https://www.foxnews.com/politics/trump-campaign-demands-pac-halt-fundraising,en,FALSE,"politics and government, finances, united states politics and government, elections, medicine and health",1092,FOX News,http://www.foxnews.com/
1583383115,4/20/2020 5:45,Tiffany Cabán Endorses Slate Of Progressive New York Candidates,https://www.huffpost.com/entry/tiffany-caban-progressive-candidates-new-york-democratic-primaries_n_5e9b781bc5b664cb6c43d805,en,FALSE,"politics and government, elections, blacks, primaries",623375,Huffington Post - United States,http://www.huffingtonpost.com/?country=US
1583387944,4/20/2020 5:45,Tiffany Cabán Endorses Slate Of Progressive New York Candidates,https://www.huffpost.com/entry/tiffany-caban-progressive-candidates-new-york-democratic-primaries_n_5e9b781bc5b664cb6c43d805,en,FALSE,"politics and government, elections, blacks, primaries",27502,Huffington Post,http://www.huffingtonpost.com/#
1583419480,4/20/2020 6:00,The Coronavirus Is Testing America’s Commitment to People’s Constitutional Rights,https://www.theatlantic.com/ideas/archive/2020/04/coronavirus-jails-constitutional-rights/610216/?utm_source=feed,en,FALSE,"medicine and health, editorials, terrorism, diseases and conditions, prisons and prisoners, viruses, freedom and human rights",1110,The Atlantic,http://www.theatlantic.com/
1583463480,4/20/2020 5:45,Tiffany Cabán Endorses Slate Of Progressive New York Candidates,https://www.huffpost.com/entry/tiffany-caban-progressive-candidates-new-york-democratic-primaries_n_5e9b781bc5b664cb6c43d805,en,FALSE,"politics and government, elections, blacks, primaries",96720,HuffPost Latino Voices,http://voces.huffingtonpost.com/#spider
1583990264,4/20/2020 18:15,Coronavirus has made incarceration a potential death sentence,https://chicago.suntimes.com/columnists/2020/4/20/21228739/coronavirus-has-made-incarceration-a-potential-death-sentence,en,FALSE,"medicine and health, drug abuse and traffic, diseases and conditions, prisons and prisoners",21934,suntimes.com,http://www.suntimes.com
1584041288,4/20/2020 19:51,Releasing prisoners during Covid-19 crisis makes good sense,http://rss.cnn.com/~r/rss/cnn_latest/~3/oeUomHz5JWM/index.html,en,FALSE,"medicine and health, crime and criminals, diseases and conditions, prisons and prisoners",20088,CNN U.S. Edition,http://us.cnn.com
1584062205,4/20/2020 19:51,Opinion: Releasing prisoners during Covid-19 crisis makes good sense,http://rss.cnn.com/~r/rss/cnn_topstories/~3/oeUomHz5JWM/index.html,en,FALSE,"medicine and health, crime and criminals, diseases and conditions, prisons and prisoners",1095,CNN,http://www.cnn.com/
1584424415,4/21/2020 6:00,Andrew Cuomo has revived Franklin Roosevelt’s language of leadership,https://www.washingtonpost.com/outlook/2020/04/21/andrew-cuomo-has-revived-franklin-roosevelts-language-leadership/?utm_source=rss&utm_medium=referral&utm_campaign=wp_homepage,en,FALSE,"politics and government, united states politics and government, economic conditions and trends, united states economy",2,Washington Post,http://washingtonpost.com
1584917484,38:12.5,Immunologist says he has a possible coronavirus cure | Fox News,https://www.foxnews.com/transcript/immunologist-says-he-has-a-possible-coronavirus-cure,en,FALSE,"medicine and health, diseases and conditions",1092,FOX News,http://www.foxnews.com/
1544317779,3/10/2020 18:37,‘Nightmare waiting to happen’: Advocates warn US prison conditions risks intense coronavirus outbreak,https://www.rawstory.com/2020/03/nightmare-waiting-to-happen-advocates-warn-us-prison-conditions-risks-intense-coronavirus-outbreak/,en,FALSE,"medicine and health, diseases and conditions, prisons and prisoners",1127,Raw Story,http://rawstory.com
1585053512,4/21/2020 10:15,Inside Rikers: An Account of the Virus-Stricken Jail From a Man Who Managed to Get Out,https://theintercept.com/2020/04/21/coronavirus-rikers-island-jail-nyc/,en,FALSE,"medicine and health, diseases and conditions, prisons and prisoners",269138,The Intercept,https://theintercept.com/
1585096906,3/18/2020 0:00,Immigration offices close; but courts stay open amid warnings - The Boston Globe,https://www.bostonglobe.com/2020/03/18/metro/immigration-offices-close-courts-stay-open-amid-warnings/,en,FALSE,"medicine and health, immigration and refugees, illegal aliens",15,The Boston Globe,https://www.bostonglobe.com/
1585747555,4/22/2020 9:52,"Madonna sends 100,000 surgical masks to jails and prisons",https://www.cbsnews.com/news/coronavirus-madonna-activists-send-surgical-masks-jails-prisons-covid-19/,en,FALSE,"medicine and health, diseases and conditions, prisons and prisoners, viruses",1752,cbs news,http://www.cbsnews.com/
1585879834,4/22/2020 8:30,"Madonna Joins Reform Alliance, Donating PPE to Jails, Prisons",https://www.tmz.com/2020/04/22/madonna-reform-alliance-donating-surgical-masks-ppe-prisons-jails-coronavirus-covid-19/,en,FALSE,"medicine and health, prisons and prisoners",56051,TMZ,http://tmz.com/
1586004356,4/22/2020 14:10,Senators are demanding a solution to police stopping black men for wearing — and not wearing — masks,https://www.vox.com/2020/4/22/21230999/black-men-wearing-masks-police-bias-harris-booker-senate,en,FALSE,"medicine and health, blacks, police, discrimination, diseases and conditions",103906,Re/code,http://recode.net
1586006263,4/22/2020 14:10,Senators are demanding a solution to police stopping black men for wearing — and not wearing — masks,https://www.vox.com/2020/4/22/21230999/black-men-wearing-masks-police-bias-harris-booker-senate,en,FALSE,"medicine and health, blacks, police, discrimination, diseases and conditions",104828,Vox,http://www.vox.com
1586078898,4/22/2020 15:25,"Madonna Teams With Reform Alliance to Donate 100,000 Masks to Jails & Prisons",https://www.billboard.com/articles/news/9363607/madonna-reform-alliance-masks/,en,FALSE,"medicine and health, diseases and conditions, prisons and prisoners",19194,Billboard,http://www.billboard.com
1586096852,4/22/2020 16:25,Ohio Began Mass Testing Incarcerated People for COVID-19. The Results Paint a Bleak Picture for the U.S. Prison System,http://feedproxy.google.com/~r/time/topstories/~3/iAzB2ZFOBrc/,en,FALSE,"tests and testing, medicine and health, diseases and conditions, prisons and prisoners",4419,Time,http://time.com
1586196887,4/22/2020 18:30,"New COVID-19 Model Predicts Failure to Reduce Jails Will Lead to Nearly 100,000 More Coronavirus Deaths",https://www.theroot.com/new-covid-19-model-predicts-failure-to-reduce-jails-wil-1843005082,en,FALSE,"medicine and health, diseases and conditions, viruses",368082,theroot.com,http://theroot.com/
1586232479,4/22/2020 19:52,Cops honor slain Nassau Det. Artie Lopez and lift his sister's spirits,https://www.newsday.com/news/health/coronavirus/nassau-police-det-artie-lopez-1.44038224,en,FALSE,police,13,Newsday,http://www.newsday.com/
1586240158,4/20/2020 5:59,The Devastating Emotional Toll of Suspending Prison Visits,https://www.thenation.com/article/society/prison-visits-suspension/,en,FALSE,"medicine and health, diseases and conditions, prisons and prisoners",1115,The Nation ,http://www.thenation.com/
1586735384,4/23/2020 5:08,Could Coronavirus End Cash Bail?,https://www.politico.com/news/magazine/2020/04/23/bail-reform-coronavirus-new-york-backlash-148299,en,FALSE,"medicine and health, diseases and conditions",18268,Politico,https://www.politico.com/
1586788557,4/23/2020 8:00,Reconnect Selects ID R&D Passive Facial Liveness for Its Revolutionary Probation and Parole Monitoring Solution,https://www.einpresswire.com/article/515226394/reconnect-selects-id-r-d-passive-facial-liveness-for-its-revolutionary-probation-and-parole-monitoring-solution?ref=rss&code=3Tq8emQY2Pi7_wee,en,FALSE,crime and criminals,143955,einpresswire.com,http://einpresswire.com/
1586940447,4/23/2020 10:30,Where can we get face masks?,https://www.newsday.com/opinion/coronavirus/newsday-reader-letters-opinion-1.44036283,en,FALSE,medicine and health,13,Newsday,http://www.newsday.com/
1587138668,4/23/2020 15:03,‘You Should Not Be Able to Buy Justice.’ John Legend on the Dangers of Incarceration During Coronavirus,http://feedproxy.google.com/~r/time/topstories/~3/Dd6yZMeX3sw/,en,FALSE,music,4419,Time,http://time.com
1587467025,4/23/2020 23:57,Feds again shift guidance on prisoner releases due to coronavirus,https://www.politico.com/news/2020/04/23/coronavirus-prisons-206155,en,FALSE,"medicine and health, crime and criminals, diseases and conditions, sentences (criminal), prisons and prisoners",18268,Politico,https://www.politico.com/
1587863440,4/24/2020 8:55,"Black female inmates and COVID-19: Medically compromised, vulnerable and neglected",https://www.nbcnews.com/news/nbcblk/black-female-inmates-covid-19-medically-compromised-vulnerable-neglected-n1189086?cid=public-rss_20200424,en,FALSE,"medicine and health, diseases and conditions, prisons and prisoners, mental health and disorders",34663,NBC Breaking News,http://www.breakingnews.com#spider
1587863202,4/24/2020 8:55,"Black female inmates and COVID-19: Medically compromised, vulnerable and neglected",https://www.nbcnews.com/news/nbcblk/black-female-inmates-covid-19-medically-compromised-vulnerable-neglected-n1189086?cid=public-rss_20200424,en,FALSE,"medicine and health, diseases and conditions, prisons and prisoners, mental health and disorders",25499,NBC News,http://www.nbcnews.com
1588892210,4/25/2020 10:31,"SCOTUS refuses to block Trump's ""public charge"" rule",https://hotair.com/archives/jazz-shaw/2020/04/25/scotus-refuses-block-trumps-public-charge-rule/,en,FALSE,"medicine and health, suits and litigation, decisions and verdicts",117,Hot Air  ,http://hotair.com
